{
  "subject_name_zh": "示例题库",
  "subject_name_en": "Sample Quiz",
  "chapters": [
    {
      "title": "Chapter 1: Basics",
      "sections": [
        {
          "title": "Section 1.1: Introduction",
          "questions": [
            {
              "content": "What is 2 + 2?",
              "choices": [
                {"key": "A", "html": "3"},
                {"key": "B", "html": "4"},
                {"key": "C", "html": "5"},
                {"key": "D", "html": "6"}
              ],
              "answer": "B",
              "explanation": "2 + 2 = 4 is a basic arithmetic operation."
            },
            {
              "content": "What is the capital of France?",
              "choices": [
                {"key": "A", "html": "London"},
                {"key": "B", "html": "Berlin"},
                {"key": "C", "html": "Paris"},
                {"key": "D", "html": "Madrid"}
              ],
              "answer": "C",
              "explanation": "Paris is the capital and largest city of France."
            },
            {
              "content": "Which planet is known as the Red Planet?",
              "choices": [
                {"key": "A", "html": "Venus"},
                {"key": "B", "html": "Mars"},
                {"key": "C", "html": "Jupiter"},
                {"key": "D", "html": "Saturn"}
              ],
              "answer": "B",
              "explanation": "Mars is called the Red Planet due to iron oxide (rust) on its surface."
            }
          ]
        },
        {
          "title": "Section 1.2: Science",
          "questions": [
            {
              "content": "What is H₂O commonly known as?",
              "choices": [
                {"key": "A", "html": "Salt"},
                {"key": "B", "html": "Water"},
                {"key": "C", "html": "Oxygen"},
                {"key": "D", "html": "Hydrogen"}
              ],
              "answer": "B",
              "explanation": "H₂O is the chemical formula for water."
            },
            {
              "content": "How many continents are there on Earth?",
              "choices": [
                {"key": "A", "html": "5"},
                {"key": "B", "html": "6"},
                {"key": "C", "html": "7"},
                {"key": "D", "html": "8"}
              ],
              "answer": "C",
              "explanation": "There are 7 continents: Africa, Antarctica, Asia, Australia, Europe, North America, and South America."
            }
          ]
        }
      ]
    },
    {
      "title": "Chapter 2: Advanced",
      "sections": [
        {
          "title": "Section 2.1: Logic",
          "questions": [
            {
              "content": "If all cats are animals, and Whiskers is a cat, what can we conclude?",
              "choices": [
                {"key": "A", "html": "Whiskers is a dog"},
                {"key": "B", "html": "Whiskers is an animal"},
                {"key": "C", "html": "Whiskers can fly"},
                {"key": "D", "html": "Nothing can be concluded"}
              ],
              "answer": "B",
              "explanation": "This is a basic syllogism: All cats are animals, Whiskers is a cat, therefore Whiskers is an animal."
            },
            {
              "content": "What comes next in the sequence: 2, 4, 8, 16, ?",
              "choices": [
                {"key": "A", "html": "24"},
                {"key": "B", "html": "32"},
                {"key": "C", "html": "20"},
                {"key": "D", "html": "18"}
              ],
              "answer": "B",
              "explanation": "Each number is doubled: 2×2=4, 4×2=8, 8×2=16, 16×2=32."
            }
          ]
        }
      ]
    }
  ]
}
