{
  "subject_name_zh": "示例题库",
  "subject_name_en": "Sample Quiz",
  "chapters": [
    {
      "title": "Chapter 1: Basics",
      "sections": [
        {
          "title": "Section 1.1: Introduction",
          "questions": [
            {
              "content": "What is $2 + 2$?",
              "choices": [
                {
                  "key": "A",
                  "content": "3"
                },
                {
                  "key": "B",
                  "content": "4"
                },
                {
                  "key": "C",
                  "content": "5"
                },
                {
                  "key": "D",
                  "content": "6"
                }
              ],
              "answer": "B",
              "explanation": "$2 + 2 = 4$ is a basic arithmetic operation."
            },
            {
              "content": "What is the capital of **France**?",
              "choices": [
                {
                  "key": "A",
                  "content": "London"
                },
                {
                  "key": "B",
                  "content": "Berlin"
                },
                {
                  "key": "C",
                  "content": "Paris"
                },
                {
                  "key": "D",
                  "content": "Madrid"
                }
              ],
              "answer": "C",
              "explanation": "**Paris** is the capital and largest city of France."
            },
            {
              "content": "Which planet is known as the *Red Planet*?",
              "choices": [
                {
                  "key": "A",
                  "content": "Venus"
                },
                {
                  "key": "B",
                  "content": "Mars"
                },
                {
                  "key": "C",
                  "content": "Jupiter"
                },
                {
                  "key": "D",
                  "content": "Saturn"
                }
              ],
              "answer": "B",
              "explanation": "**Mars** is called the Red Planet due to iron oxide (rust) on its surface."
            }
          ]
        },
        {
          "title": "Section 1.2: Math & Science",
          "questions": [
            {
              "content": "What is the result of the following integral?\n\n$$\\int_{0}^{\\infty} e^{-x^2} dx$$",
              "choices": [
                {
                  "key": "A",
                  "content": "$\\sqrt{\\pi}$"
                },
                {
                  "key": "B",
                  "content": "$\\frac{\\sqrt{\\pi}}{2}$"
                },
                {
                  "key": "C",
                  "content": "$\\pi$"
                },
                {
                  "key": "D",
                  "content": "1"
                }
              ],
              "answer": "B",
              "explanation": "This is the Gaussian integral. The full integral over $(-\\infty, \\infty)$ is $\\sqrt{\\pi}$, so the integral from $0$ to $\\infty$ is half of that: $\\frac{\\sqrt{\\pi}}{2}$."
            },
            {
              "content": "What is $H_2O$ commonly known as?",
              "choices": [
                {
                  "key": "A",
                  "content": "Salt"
                },
                {
                  "key": "B",
                  "content": "Water"
                },
                {
                  "key": "C",
                  "content": "Oxygen"
                },
                {
                  "key": "D",
                  "content": "Hydrogen"
                }
              ],
              "answer": "B",
              "explanation": "$H_2O$ is the chemical formula for water."
            }
          ]
        }
      ]
    }
  ]
}