{
  "subject_name_zh": "示例题库",
  "subject_name_en": "Sample Quiz",
  "chapters": [
    {
      "title": "Chapter 1: Basics",
      "sections": [
        {
          "title": "Section 1.1: Introduction",
          "questions": [
            {
              "content": "What is $2 + 2$?",
              "choices": [
                { "key": "A", "content": "3" },
                { "key": "B", "content": "4" },
                { "key": "C", "content": "5" },
                { "key": "D", "content": "6" }
              ],
              "answer": "B",
              "explanation": "$2 + 2 = 4$ is a basic arithmetic operation."
            },
            {
              "content": "What is the capital of **France**?",
              "choices": [
                { "key": "A", "content": "London" },
                { "key": "B", "content": "Berlin" },
                { "key": "C", "content": "Paris" },
                { "key": "D", "content": "Madrid" }
              ],
              "answer": "C",
              "explanation": "**Paris** is the capital and largest city of France."
            },
            {
              "content": "Which planet is known as the *Red Planet*?",
              "choices": [
                { "key": "A", "content": "Venus" },
                { "key": "B", "content": "Mars" },
                { "key": "C", "content": "Jupiter" },
                { "key": "D", "content": "Saturn" }
              ],
              "answer": "B",
              "explanation": "**Mars** is called the Red Planet due to iron oxide (rust) on its surface."
            },
            {
              "content": "What is the speed of light in a vacuum (approximately)?",
              "choices": [
                { "key": "A", "content": "$3 \\times 10^8$ m/s" },
                { "key": "B", "content": "$3 \\times 10^6$ m/s" },
                { "key": "C", "content": "$1.5 \\times 10^8$ m/s" },
                { "key": "D", "content": "$3 \\times 10^{10}$ m/s" }
              ],
              "answer": "A",
              "explanation": "The speed of light in vacuum is exactly 299,792,458 m/s, often approximated as $3 \\times 10^8$ m/s."
            }
          ]
        },
        {
          "title": "Section 1.2: Math & Science",
          "questions": [
            {
              "content": "What is the result of the following integral?\n\n$$\\int_{0}^{\\infty} e^{-x^2} dx$$",
              "choices": [
                { "key": "A", "content": "$\\sqrt{\\pi}$" },
                { "key": "B", "content": "$\\frac{\\sqrt{\\pi}}{2}$" },
                { "key": "C", "content": "$\\pi$" },
                { "key": "D", "content": "1" }
              ],
              "answer": "B",
              "explanation": "This is the Gaussian integral. The full integral over $(-\\infty, \\infty)$ is $\\sqrt{\\pi}$, so the integral from $0$ to $\\infty$ is half of that: $\\frac{\\sqrt{\\pi}}{2}$."
            },
            {
              "content": "What is $H_2O$ commonly known as?",
              "choices": [
                { "key": "A", "content": "Salt" },
                { "key": "B", "content": "Water" },
                { "key": "C", "content": "Oxygen" },
                { "key": "D", "content": "Hydrogen" }
              ],
              "answer": "B",
              "explanation": "$H_2O$ is the chemical formula for water."
            },
            {
              "content": "Which element has the atomic number 1?",
              "choices": [
                { "key": "A", "content": "Helium" },
                { "key": "B", "content": "Carbon" },
                { "key": "C", "content": "Oxygen" },
                { "key": "D", "content": "Hydrogen" }
              ],
              "answer": "D",
              "explanation": "Hydrogen is the first element on the periodic table and has one proton."
            }
          ]
        },
        {
          "title": "Section 1.3: Reading Comprehension",
          "questions": [
            {
              "content": "### Artificial Intelligence in Education\n\nArtificial Intelligence (AI) is transforming the way students learn and teachers teach. By providing personalized learning experiences, AI can adapt to the individual needs of each student. Intelligent tutoring systems can offer immediate feedback, helping learners understand complex concepts more effectively. However, the integration of AI also raises ethical concerns, such as data privacy and the potential for bias in algorithms. Educators must balance the benefits of technology with the need for critical thinking and human interaction.",
              "choices": [],
              "answer": "",
              "explanation": "",
              "questions": [
                {
                  "content": "According to the passage, how does AI benefit students?",
                  "choices": [
                    { "key": "A", "content": "By replacing teachers entirely" },
                    { "key": "B", "content": "By providing personalized learning experiences" },
                    { "key": "C", "content": "By eliminating the need for feedback" },
                    { "key": "D", "content": "By making exams easier" }
                  ],
                  "answer": "B",
                  "explanation": "The passage states that AI provides personalized learning experiences adapted to individual needs."
                },
                {
                  "content": "What is one ethical concern mentioned in the passage?",
                  "choices": [
                    { "key": "A", "content": "The cost of computers" },
                    { "key": "B", "content": "The speed of the internet" },
                    { "key": "C", "content": "Data privacy" },
                    { "key": "D", "content": "Student attendance" }
                  ],
                  "answer": "C",
                  "explanation": "Data privacy and potential bias in algorithms are mentioned as ethical concerns."
                },
                {
                  "content": "What must educators balance with technology benefits?",
                  "choices": [
                    { "key": "A", "content": "Summer vacations" },
                    { "key": "B", "content": "School funding" },
                    { "key": "C", "content": "Critical thinking and human interaction" },
                    { "key": "D", "content": "Sports programs" }
                  ],
                  "answer": "C",
                  "explanation": "The final sentence mentions the need to balance technology with critical thinking and human interaction."
                }
              ]
            }
          ]
        }
      ]
    }
  ]
}
